KEY,LINK
IMG_1,https://drive.google.com/file/d/1qDmxER9_k3sr1WaxEweu9EozoynJ-o3x/view?usp=drive_link
IMG_1.2,https://drive.google.com/file/d/17TH1AjaYqegiO9LCtuXfPL2B6wC-MlR1/view?usp=drive_link
IMG_1.3,https://drive.google.com/file/d/1VITKI_p52h2jAwUoC3aM9HaVpSSKHaQx/view?usp=drive_link
IMG_1.4,https://drive.google.com/file/d/1Pi_DGZW7886Gmc-KeBND5HGiHoqj0BVC/view?usp=drive_link
IMG_1.5,https://drive.google.com/file/d/1AQNZUErOeJLCfdmV5HA7MBycSjeKdOgS/view?usp=drive_link
IMG_1.6,https://drive.google.com/file/d/1UWwNKaVE6FtFBsrlewbWcqELzK5tJ_kc/view?usp=drive_link
IMG_2,https://drive.google.com/file/d/1n-GNztx68owMatr5LQwmTAH-mCeYRWls/view?usp=drive_link
IMG_2.2,https://drive.google.com/file/d/1-WU0_fzRxVuj0ixhGDpO5HwAxpgTcLUy/view?usp=drive_link
IMG_2.3,https://drive.google.com/file/d/1cNSqVwSI0zcgb20TQMxbrbHjOcIMC7wo/view?usp=drive_link
IMG_2.4,https://drive.google.com/file/d/1q3ovbgEEfJ3BaD2puufsnMCi-YsVUSZ1/view?usp=drive_link
IMG_3,https://drive.google.com/file/d/1qIN8yELpmI9IZ462j2GcfBQsgA6tnv3Q/view?usp=drive_link
IMG_3.2,https://drive.google.com/file/d/1TLxJEQVO6j_BleYdEK1FJO17heV0WWje/view?usp=drive_link
IMG_3.3,https://drive.google.com/file/d/1VCYTrb17-2miimAVZQm_HxNlAMo4Ybt1/view?usp=drive_link
IMG_3.4,https://drive.google.com/file/d/17BkxA6bzY7vLCKIUS8Q6ZnB7zcpLaBz6/view?usp=drive_link
IMG_4,https://drive.google.com/file/d/1thmG-qRFS6TzTqm3M2mE6LgkBHEQF_bs/view?usp=drive_link
IMG_4.2,https://drive.google.com/file/d/1dw6RGatUDfSCPC2aUKv-rHg9lXxOoitK/view?usp=drive_link
IMG_4.3,https://drive.google.com/file/d/1PVO98uy0fIrOdxXX2eYbdeAwpH4knYWi/view?usp=drive_link
IMG_5,https://drive.google.com/file/d/1ZRIDASQ51h9THrH3MqNn4MI3vRzZcOi4/view?usp=drive_link
IMG_5.2,https://drive.google.com/file/d/17W0nhtoYVp_ZwE6b4bWvmSQaC7MWOhUe/view?usp=drive_link
IMG_5.3,https://drive.google.com/file/d/1xQGhyhBt7JQjdcfKRSjpnfFt8CAHC_vi/view?usp=drive_link
IMG_5.4,https://drive.google.com/file/d/1NcV0coIIHJZ_k_jc_HNFHjfE_w85pv8S/view?usp=drive_link